<?xml version="1.0" encoding="UTF-8"?>
<GenRun Id="impl_1" LaunchPart="xc7z020clg484-1" LaunchTime="1698315942">
  <File Type="OPT-HWDEF" Name="Xor_gate.hwdef"/>
  <File Type="ROUTE-BUS-SKEW" Name="Xor_gate_bus_skew_routed.rpt"/>
  <File Type="PA-DCP" Name="Xor_gate.dcp"/>
  <File Type="BITSTR-BMM" Name="Xor_gate_bd.bmm"/>
  <File Type="OPT-METHODOLOGY-DRC" Name="Xor_gate_methodology_drc_opted.rpt"/>
  <File Type="INIT-TIMING" Name="Xor_gate_timing_summary_init.rpt"/>
  <File Type="ROUTE-PWR" Name="Xor_gate_power_routed.rpt"/>
  <File Type="PA-TCL" Name="Xor_gate.tcl"/>
  <File Type="OPT-TIMING" Name="Xor_gate_timing_summary_opted.rpt"/>
  <File Type="OPT-DCP" Name="Xor_gate_opt.dcp"/>
  <File Type="ROUTE-PWR-SUM" Name="Xor_gate_power_summary_routed.pb"/>
  <File Type="REPORTS-TCL" Name="Xor_gate_reports.tcl"/>
  <File Type="OPT-DRC" Name="Xor_gate_drc_opted.rpt"/>
  <File Type="PWROPT-DCP" Name="Xor_gate_pwropt.dcp"/>
  <File Type="PWROPT-DRC" Name="Xor_gate_drc_pwropted.rpt"/>
  <File Type="PWROPT-TIMING" Name="Xor_gate_timing_summary_pwropted.rpt"/>
  <File Type="PLACE-DCP" Name="Xor_gate_placed.dcp"/>
  <File Type="PLACE-IO" Name="Xor_gate_io_placed.rpt"/>
  <File Type="PLACE-CLK" Name="Xor_gate_clock_utilization_placed.rpt"/>
  <File Type="PLACE-UTIL" Name="Xor_gate_utilization_placed.rpt"/>
  <File Type="PLACE-UTIL-PB" Name="Xor_gate_utilization_placed.pb"/>
  <File Type="PLACE-CTRL" Name="Xor_gate_control_sets_placed.rpt"/>
  <File Type="PLACE-SIMILARITY" Name="Xor_gate_incremental_reuse_placed.rpt"/>
  <File Type="PLACE-PRE-SIMILARITY" Name="Xor_gate_incremental_reuse_pre_placed.rpt"/>
  <File Type="PLACE-TIMING" Name="Xor_gate_timing_summary_placed.rpt"/>
  <File Type="POSTPLACE-PWROPT-DCP" Name="Xor_gate_postplace_pwropt.dcp"/>
  <File Type="BG-BIN" Name="Xor_gate.bin"/>
  <File Type="POSTPLACE-PWROPT-TIMING" Name="Xor_gate_timing_summary_postplace_pwropted.rpt"/>
  <File Type="PHYSOPT-DCP" Name="Xor_gate_physopt.dcp"/>
  <File Type="PHYSOPT-DRC" Name="Xor_gate_drc_physopted.rpt"/>
  <File Type="BITSTR-MSK" Name="Xor_gate.msk"/>
  <File Type="PHYSOPT-TIMING" Name="Xor_gate_timing_summary_physopted.rpt"/>
  <File Type="ROUTE-ERROR-DCP" Name="Xor_gate_routed_error.dcp"/>
  <File Type="ROUTE-DCP" Name="Xor_gate_routed.dcp"/>
  <File Type="ROUTE-BLACKBOX-DCP" Name="Xor_gate_routed_bb.dcp"/>
  <File Type="ROUTE-DRC" Name="Xor_gate_drc_routed.rpt"/>
  <File Type="ROUTE-DRC-PB" Name="Xor_gate_drc_routed.pb"/>
  <File Type="BITSTR-LTX" Name="debug_nets.ltx"/>
  <File Type="BITSTR-LTX" Name="Xor_gate.ltx"/>
  <File Type="ROUTE-DRC-RPX" Name="Xor_gate_drc_routed.rpx"/>
  <File Type="BITSTR-MMI" Name="Xor_gate.mmi"/>
  <File Type="ROUTE-METHODOLOGY-DRC" Name="Xor_gate_methodology_drc_routed.rpt"/>
  <File Type="ROUTE-METHODOLOGY-DRC-RPX" Name="Xor_gate_methodology_drc_routed.rpx"/>
  <File Type="BITSTR-SYSDEF" Name="Xor_gate.sysdef"/>
  <File Type="ROUTE-METHODOLOGY-DRC-PB" Name="Xor_gate_methodology_drc_routed.pb"/>
  <File Type="ROUTE-PWR-RPX" Name="Xor_gate_power_routed.rpx"/>
  <File Type="ROUTE-STATUS" Name="Xor_gate_route_status.rpt"/>
  <File Type="ROUTE-STATUS-PB" Name="Xor_gate_route_status.pb"/>
  <File Type="ROUTE-TIMINGSUMMARY" Name="Xor_gate_timing_summary_routed.rpt"/>
  <File Type="ROUTE-TIMING-PB" Name="Xor_gate_timing_summary_routed.pb"/>
  <File Type="ROUTE-TIMING-RPX" Name="Xor_gate_timing_summary_routed.rpx"/>
  <File Type="ROUTE-SIMILARITY" Name="Xor_gate_incremental_reuse_routed.rpt"/>
  <File Type="ROUTE-CLK" Name="Xor_gate_clock_utilization_routed.rpt"/>
  <File Type="ROUTE-BUS-SKEW-PB" Name="Xor_gate_bus_skew_routed.pb"/>
  <File Type="ROUTE-BUS-SKEW-RPX" Name="Xor_gate_bus_skew_routed.rpx"/>
  <File Type="POSTROUTE-PHYSOPT-DCP" Name="Xor_gate_postroute_physopt.dcp"/>
  <File Type="POSTROUTE-PHYSOPT-BLACKBOX-DCP" Name="Xor_gate_postroute_physopt_bb.dcp"/>
  <File Type="POSTROUTE-PHYSOPT-TIMING" Name="Xor_gate_timing_summary_postroute_physopted.rpt"/>
  <File Type="POSTROUTE-PHYSOPT-TIMING-PB" Name="Xor_gate_timing_summary_postroute_physopted.pb"/>
  <File Type="POSTROUTE-PHYSOPT-TIMING-RPX" Name="Xor_gate_timing_summary_postroute_physopted.rpx"/>
  <File Type="POSTROUTE-PHYSOPT-BUS-SKEW" Name="Xor_gate_bus_skew_postroute_physopted.rpt"/>
  <File Type="POSTROUTE-PHYSOPT-BUS-SKEW-PB" Name="Xor_gate_bus_skew_postroute_physopted.pb"/>
  <File Type="BG-BIT" Name="Xor_gate.bit"/>
  <File Type="POSTROUTE-PHYSOPT-BUS-SKEW-RPX" Name="Xor_gate_bus_skew_postroute_physopted.rpx"/>
  <File Type="BITSTR-RBT" Name="Xor_gate.rbt"/>
  <File Type="BITSTR-NKY" Name="Xor_gate.nky"/>
  <File Type="BG-BGN" Name="Xor_gate.bgn"/>
  <File Type="BG-DRC" Name="Xor_gate.drc"/>
  <File Type="RDI-RDI" Name="Xor_gate.vdi"/>
  <File Type="WBT-USG" Name="usage_statistics_webtalk.html"/>
  <FileSet Name="sources" Type="DesignSrcs" RelSrcDir="$PSRCDIR/sources_1">
    <Filter Type="Srcs"/>
    <File Path="$PSRCDIR/sources_1/new/Xor_gate.v">
      <FileInfo>
        <Attr Name="UsedIn" Val="synthesis"/>
        <Attr Name="UsedIn" Val="implementation"/>
        <Attr Name="UsedIn" Val="simulation"/>
      </FileInfo>
    </File>
    <Config>
      <Option Name="DesignMode" Val="RTL"/>
      <Option Name="TopModule" Val="Xor_gate"/>
      <Option Name="TopAutoSet" Val="TRUE"/>
    </Config>
  </FileSet>
  <FileSet Name="constrs_in" Type="Constrs" RelSrcDir="$PSRCDIR/constrs_1">
    <Filter Type="Constrs"/>
    <File Path="$PSRCDIR/constrs_1/new/Xor_xdc_means_constraints.xdc">
      <FileInfo>
        <Attr Name="UsedIn" Val="synthesis"/>
        <Attr Name="UsedIn" Val="implementation"/>
      </FileInfo>
    </File>
    <Config>
      <Option Name="TargetConstrsFile" Val="$PSRCDIR/constrs_1/new/Xor_xdc_means_constraints.xdc"/>
      <Option Name="ConstrsType" Val="XDC"/>
    </Config>
  </FileSet>
  <FileSet Name="utils" Type="Utils" RelSrcDir="$PSRCDIR/utils_1">
    <Filter Type="Utils"/>
    <Config>
      <Option Name="TopAutoSet" Val="TRUE"/>
    </Config>
  </FileSet>
  <Strategy Version="1" Minor="2">
    <StratHandle Name="Vivado Implementation Defaults" Flow="Vivado Implementation 2018">
      <Desc>Default settings for Implementation.</Desc>
    </StratHandle>
    <Step Id="init_design"/>
    <Step Id="opt_design"/>
    <Step Id="power_opt_design"/>
    <Step Id="place_design"/>
    <Step Id="post_place_power_opt_design"/>
    <Step Id="phys_opt_design"/>
    <Step Id="route_design"/>
    <Step Id="post_route_phys_opt_design"/>
    <Step Id="write_bitstream"/>
  </Strategy>
</GenRun>
